{
	"*.wet": "mudfine,splash",

	"minecraft:air": "NOT_EMITTER",
	"minecraft:cave_air": "NOT_EMITTER",
	"minecraft:void_air": "NOT_EMITTER",
	"minecraft:bubble_column": "NOT_EMITTER",
	"minecraft:structure_void": "NOT_EMITTER",
	"minecraft:barrier": "NOT_EMITTER",
	"minecraft:moving_piston": "NOT_EMITTER",
	"minecraft:water": "NOT_EMITTER",
	"minecraft:lava": "NOT_EMITTER",

	
    "#minecraft:logs": "wood",
	"#minecraft:planks": "wood",
	"#minecraft:wooden_stairs": "wood",
    "#minecraft:wooden_slabs": "wood",
	"#minecraft:wooden_doors": "bluntwood",
	"#minecraft:signs": "NOT_EMITTER",
	"#minecraft:wooden_pressure_plates": "wood",
	"#minecraft:wooden_pressure_plates.carpet": "wood",
	"#minecraft:fences": "bluntwood",
	"#minecraft:wooden_trapdoors": "bluntwood",

	"#minecraft:leaves": "leaves",
	"#minecraft:leaves.foliage": "leaves",
	"#minecraft:leaves.messy": "MESSY_GROUND",

	"#minecraft:saplings.messy": "MESSY_GROUND",
	"#minecraft:saplings.foliage": "straw",

    "#minecraft:flowers.foliage": "brush",
    "#minecraft:flowers.messy": "MESSY_GROUND",

	"#minecraft:sand": "sand",

	"#minecraft:wool": "rug",
	"#minecraft:carpets": "rug",
	"#minecraft:carpets.carpet": "rug",
	"#minecraft:beds": "rug",

	"#minecraft:banners": "rug,straw,squeakywood",
	"#minecraft:banners.foliage": "rug,straw,squeakywood",

    "#minecraft:rails": "NOT_EMITTER",
	"#minecraft:rails.foliage": "rails",

	"#minecraft:ice": "ice",

	"#minecraft:beehives": "squeakywood",

	"#minecraft:anvil": "metalcompressed,hardmetal",

	"#minecraft:coral_blocks": "organic",
	"#minecraft:coral_plants": "NOT_EMITTER",
	"#minecraft:coral_plants.messy": "MESSY_GROUND",
	"#minecraft:coral_plants.foliage": "brush",
	"#minecraft:corals": "NOT_EMITTER",
	"#minecraft:corals.messy": "MESSY_GROUND",
	"#minecraft:corals.foliage": "brush",
	"#minecraft:wall_corals": "NOT_EMITTER",
	"#minecraft:wall_corals.messy": "MESSY_GROUND",
	"#minecraft:wall_corals.foliage": "brush",

	"#minecraft:flower_pots": "brickstone,dirt",

	"#minecraft:nylium": "mud,sand",
	"#minecraft:crimson_stems": "organic_dry,wood_sticky,mushroom",
	"#minecraft:warped_stems": "organic_dry,wood_sticky,mushroom",
	
    "#minecraft:flower_pots": "brickstone",
	"#minecraft:flower_pots.foliage": "straw",
	"#minecraft:flower_pots.foliage.messy": "MESSY_GROUND",
	
	"minecraft:stone": "stone",
	"minecraft:granite": "stone,ore",
	"minecraft:polished_granite": "marble",
	"minecraft:diorite": "stone,ore",
	"minecraft:polished_diorite": "marble,ore",
	"minecraft:andesite": "stone",
	"minecraft:polished_andesite": "marble",
	"minecraft:_block": "",
	"minecraft:dirt": "dirt",
	"minecraft:coarse_dirt": "dirt",
	"minecraft:podzol": "dirt,straw",
	"minecraft:cobblestone": "stone",

	"#minecraft:saplings": "NOT_EMITTER",
	"#minecraft:saplings.messy": "MESSY_GROUND",
	"#minecraft:saplings.foliage": "straw",

	"minecraft:bedrock": "bedrock",
	"minecraft:gravel": "gravel",
	"minecraft:gold_ore": "ore",
	"minecraft:iron_ore": "ore",
	"minecraft:coal_ore": "ore",
	"minecraft:nether_gold_ore": "ore",

	"minecraft:oak_log": "wood",
	"minecraft:spruce_log": "wood",
	"minecraft:birch_log": "wood",
	"minecraft:jungle_log": "wood",
	"minecraft:acacia_log": "wood",
	"minecraft:dark_oak_log": "woodutility",

	"minecraft:stripped_oak_log": "wood,stone",
	"minecraft:stripped_spruce_log": "wood,stone",
	"minecraft:stripped_birch_log": "wood,stone",
	"minecraft:stripped_jungle_log": "wood,stone",
	"minecraft:stripped_acacia_log": "wood,stone",
	"minecraft:stripped_dark_oak_log": "woodutility,stone",

	"minecraft:stripped_oak_wood": "wood,stone",
	"minecraft:stripped_spruce_wood": "wood,stone",
	"minecraft:stripped_birch_wood": "wood,stone",
	"minecraft:stripped_jungle_wood": "wood,stone",
	"minecraft:stripped_acacia_wood": "wood,stone",
	"minecraft:stripped_dark_oak_wood": "woodutility,stone",

	"minecraft:oak_wood": "wood",
	"minecraft:spruce_wood": "wood",
	"minecraft:birch_wood": "wood",
	"minecraft:jungle_wood": "wood",
	"minecraft:acacia_wood": "wood",
	"minecraft:dark_oak_wood": "wood",

	"minecraft:sponge": "organic",
	"minecraft:wet_sponge": "mud",
	"minecraft:glass": "glass",
	"minecraft:lapis_ore": "ore",
	"minecraft:lapis_block": "composite",
	"minecraft:dispenser": "stonemachine",

	"minecraft:sandstone": "sandstone",
	"minecraft:chiseled_sandstone": "sandstone",
	"minecraft:cut_sandstone": "sandstone",

	"minecraft:note_block": "woodutility",

	"minecraft:piston_head[facing=up,type=sticky]": "wood_sticky",
	"minecraft:piston_head": "wood",

	"minecraft:sticky_piston[facing=up]": "wood_sticky",
	"minecraft:sticky_piston": "stonemachine",

	"minecraft:cobweb": "NOT_EMITTER",
	"minecraft:redstone_wire": "NOT_EMITTER",
	"minecraft:fire": "NOT_EMITTER",
	"minecraft:fire.foliage": "fire",
	"minecraft:soul_fire": "NOT_EMITTER",
	"minecraft:soul_fire.foliage": "fire",
	"minecraft:spawner": "metalbar",

	"minecraft:": "NOT_EMITTER",
	"minecraft:.messy": "MESSY_GROUND",
	"minecraft:.foliage": "brush",

	"minecraft:fern": "NOT_EMITTER",
	"minecraft:fern.messy": "MESSY_GROUND",
	"minecraft:fern.foliage": "straw",

	"minecraft:dead_bush": "NOT_EMITTER",
	"minecraft:dead_bush.messy": "MESSY_GROUND",
	"minecraft:dead_bush.foliage": "straw",

	"minecraft:sea": "NOT_EMITTER",
	"minecraft:sea.messy": "MESSY_GROUND",
	"minecraft:sea.foliage": "mud",

	"minecraft:tall_sea": "NOT_EMITTER",
	"minecraft:tall_sea.messy": "MESSY_GROUND",
	"minecraft:tall_sea.foliage": "mud",

	"minecraft:sea_pickle": "mud,slime",

	"minecraft:piston[facing=up]": "wood",
	"minecraft:piston": "stonemachine",

	"minecraft:dandelion": "NOT_EMITTER",
	"minecraft:poppy": "NOT_EMITTER",
	"minecraft:blue_orchid": "NOT_EMITTER",
	"minecraft:allium": "NOT_EMITTER",
	"minecraft:azure_bluet": "NOT_EMITTER",

	"minecraft:red_tulip": "NOT_EMITTER",
	"minecraft:orange_tulip": "NOT_EMITTER",
	"minecraft:white_tulip": "NOT_EMITTER",
	"minecraft:pink_tulip": "NOT_EMITTER",

	"minecraft:oxeye_daisy": "NOT_EMITTER",
	"minecraft:oxeye_daisy.foliage": "brush",
	"minecraft:cornflower": "NOT_EMITTER",
	"minecraft:lily_of_the_valley": "NOT_EMITTER",

	"minecraft:wither_rose": "NOT_EMITTER",
	"minecraft:wither_rose.messy": "straw",
	"minecraft:wither_rose.foliage": "brush",

	"minecraft:brown_mushroom": "NOT_EMITTER",
	"minecraft:red_mushroom": "NOT_EMITTER",

	"minecraft:gold_block": "hardmetal",
	"minecraft:iron_block": "hardmetal",
	"minecraft:netherite_block": "hollowmetal",

	"minecraft:oak_slab": "wood",
	"minecraft:spruce_slab": "wood",
	"minecraft:birch_slab": "wood",
	"minecraft:jungle_slab": "wood",
	"minecraft:acacia_slab": "wood",
	"minecraft:dark_oak_slab": "wood",

	"minecraft:stone_slab": "stone",
	"minecraft:smooth_stone_slab": "marble",
	"minecraft:sandstone_slab": "sandstone",
	"minecraft:cut_sandstone_slab": "sandstone",
	"minecraft:petrified_oak_slab": "wood,brickstone",
	"minecraft:cobblestone_slab": "stone",
	"minecraft:brick_slab": "brickstone",
	"minecraft:stone_brick_slab": "brickstone",
	"minecraft:nether_brick_slab": "brickstone",
	"minecraft:quartz_slab": "marble",
	"minecraft:quartz_bricks": "marble",
	"minecraft:red_sandstone_slab": "sandstone",
	"minecraft:cut_red_sandstone_slab": "sandstone",
	"minecraft:purpur_slab": "stonemachine,brickstone",
	"minecraft:prismarine_slab": "stone",
	"minecraft:prismarine_brick_slab": "brickstone",
	"minecraft:dark_prismarine_slab": "stone",

	"minecraft:smooth_quartz": "marble",
	"minecraft:smooth_red_sandstone": "sandstone",
	"minecraft:smooth_sandstone": "sandstone",
	"minecraft:smooth_stone": "marble",

	"minecraft:bricks": "brickstone",
	"minecraft:tnt": "equipment",
	"minecraft:bookshelf": "wood",
	"minecraft:mossy_cobblestone": "stone",
	"minecraft:obsidian": "obsidian",
	"minecraft:crying_obsidian": "obsidian",
	"minecraft:respawn_anchor": "obsidian",

	"minecraft:torch": "NOT_EMITTER",
	"minecraft:wall_torch": "NOT_EMITTER",
	"minecraft:soul_torch": "NOT_EMITTER",
	"minecraft:soul_wall_torch": "NOT_EMITTER",
	"minecraft:end_rod": "metalbar",

	"minecraft:chorus_flower": "organic_solid",
	"minecraft:chorus_plant": "squeakywood,organic_dry",
	"minecraft:purpur_block": "stonemachine,brickstone",
	"minecraft:purpur_pillar": "stonemachine,brickstone",
	"minecraft:purpur_stairs": "stonemachine,brickstone",

	"minecraft:chest": "squeakywood",
	"minecraft:diamond_ore": "ore",
	"minecraft:diamond_block": "composite",
	"minecraft:crafting_table": "wood,rug",
	"minecraft:farmland": "dirt",
	"minecraft:furnace": "stonemachine",
	"minecraft:ladder": "ladder_default",

	"minecraft:cobblestone_stairs": "stone",
	"minecraft:lever": "NOT_EMITTER",

	"minecraft:stone_pressure_plate": "stone",
	"minecraft:stone_pressure_plate.carpet": "stone",

	"minecraft:redstone_ore": "ore",
	"minecraft:redstone_torch": "NOT_EMITTER",
	"minecraft:redstone_wall_torch": "NOT_EMITTER",
	"minecraft:stone_button[face=floor].foliage": "stone",
	"minecraft:stone_button": "NOT_EMITTER",

	"minecraft:snow": "snow",
	"minecraft:snow.carpet": "snow",
	"minecraft:snow_block": "snow",

	"minecraft:packed_ice": "stone,snow",

	"minecraft:cactus": "",
	"minecraft:clay": "dirt",
	"minecraft:jukebox": "woodutility",

	"minecraft:pumpkin": "organic_solid",
	"minecraft:carved_pumpkin": "organic_solid",
	"minecraft:netherrack": "equipment",
	"minecraft:soul_sand": "quicksand",
	"minecraft:glowstone": "glowstone",
	"minecraft:nether_portal": "NOT_EMITTER",
	"minecraft:jack_o_lantern": "organic_solid",

	"minecraft:bee_nest": "squeakywood,organic",
	"minecraft:honeycomb_block": "stone,organic_solid",

	"minecraft:infested_stone": "stone",
	"minecraft:infested_cobblestone": "stone",
	"minecraft:infested_stone_bricks": "brickstone",
	"minecraft:infested_mossy_stone_bricks": "brickstone",
	"minecraft:infested_cracked_stone_bricks": "brickstone",
	"minecraft:infested_chiseled_stone_bricks": "brickstone",
	"minecraft:stone_bricks": "brickstone",
	"minecraft:mossy_stone_bricks": "brickstone",
	"minecraft:cracked_stone_bricks": "brickstone",
	"minecraft:chiseled_stone_bricks": "brickstone",

	"minecraft:brown_mushroom_block": "mushroom",
	"minecraft:red_mushroom_block": "mushroom",
	"minecraft:mushroom_stem": "mushroom",

	"minecraft:iron_bars": "metalbar",
	"minecraft:glass_pane": "glass",
	"minecraft:melon": "organic",
	"minecraft:pumpkin_stem": "NOT_EMITTER",
	"minecraft:attached_pumpkin_stem": "NOT_EMITTER",
	"minecraft:melon_stem": "NOT_EMITTER",
	"minecraft:attached_melon_stem": "NOT_EMITTER",
	"minecraft:vine": "leaves",
	"minecraft:vine.foliage": "leaves",

	"minecraft:oak_fence_gate.bigger": "bluntwood",
	"minecraft:spruce_fence_gate.bigger": "bluntwood",
	"minecraft:birch_fence_gate.bigger": "bluntwood",
	"minecraft:jungle_fence_gate.bigger": "bluntwood",
	"minecraft:acacia_fence_gate.bigger": "bluntwood",
	"minecraft:dark_oak_fence_gate.bigger": "bluntwood",

	"minecraft:brick_stairs": "brickstone",
	"minecraft:stone_brick_stairs": "brickstone",
	"minecraft:mycelium": "grass",
	"minecraft:lily_pad": "waterfine",
	"minecraft:lily_pad.carpet": "waterfine",

	"minecraft:nether_bricks": "brickstone",
	"minecraft:cracked_nether_bricks": "brickstone",
	"minecraft:chiseled_nether_bricks": "brickstone",
	"minecraft:nether_brick_fence.bigger": "brickstone",
	"minecraft:nether_brick_stairs": "brickstone",
	"minecraft:enchanting_table": "stoneutility",

	"minecraft:end_portal": "NOT_EMITTER",
	"minecraft:end_portal_frame": "stoneutility",
	"minecraft:end_gateway": "NOT_EMITTER",
	"minecraft:end_stone": "stone",
	"minecraft:end_stone_bricks": "brickstone",

	"minecraft:redstone_lamp": "stoneutility",
	"minecraft:sandstone_stairs": "sandstone",
	"minecraft:emerald_ore": "ore",
	"minecraft:ender_chest": "obsidian",
	"minecraft:tripwire_hook": "NOT_EMITTER",
	"minecraft:tripwire": "NOT_EMITTER",
	"minecraft:emerald_block": "composite",

	"minecraft:beacon": "glass",

	"minecraft:cobblestone_wall.bigger": "stone",
	"minecraft:mossy_cobblestone_wall.bigger": "stone",
	"minecraft:brick_wall.bigger": "brickstone",
	"minecraft:prismarine_wall.bigger": "stone",
	"minecraft:red_sandstone_wall.bigger": "sandstone",
	"minecraft:mossy_stone_brick_wall.bigger": "brickstone",
	"minecraft:granite_wall.bigger": "stone,ore",
	"minecraft:stone_brick_wall.bigger": "brickstone",
	"minecraft:nether_brick_wall.bigger": "brickstone",
	"minecraft:andesite_wall.bigger": "stone",
	"minecraft:red_nether_brick_wall.bigger": "brickstone",
	"minecraft:sandstone_wall.bigger": "sandstone",
	"minecraft:end_stone_brick_wall.bigger": "brickstone",
	"minecraft:diorite_wall.bigger": "stone,ore",

	"minecraft:oak_button[face=floor].foliage": "wood",
	"minecraft:oak_button": "NOT_EMITTER",
	"minecraft:spruce_button[face=floor].foliage": "wood",
	"minecraft:spruce_button": "NOT_EMITTER",
	"minecraft:birch_button[face=floor].foliage": "wood",
	"minecraft:birch_button": "NOT_EMITTER",
	"minecraft:jungle_button[face=floor].foliage": "wood",
	"minecraft:jungle_button": "NOT_EMITTER",
	"minecraft:acacia_button[face=floor].foliage": "wood",
	"minecraft:acacia_button": "NOT_EMITTER",
	"minecraft:dark_oak_button[face=floor].foliage": "wood",
	"minecraft:dark_oak_button": "NOT_EMITTER",

	"minecraft:trapped_chest": "squeakywood",
	"minecraft:light_weighted_pressure_plate": "hardmetal",
	"minecraft:light_weighted_pressure_plate.carpet": "hardmetal",
	"minecraft:heavy_weighted_pressure_plate": "hardmetal",
	"minecraft:heavy_weighted_pressure_plate.carpet": "hardmetal",
	"minecraft:daylight_detector": "stoneutility,glass",
	"minecraft:redstone_block": "composite",
	"minecraft:nether_quartz_ore": "ore",
	"minecraft:hopper": "metalbar",

	"minecraft:chiseled_quartz_block": "marble",
	"minecraft:quartz_block": "marble",
	"minecraft:quartz_pillar": "marble",
	"minecraft:quartz_stairs": "marble",
	"minecraft:dropper": "stonemachine",

	"minecraft:white_terracotta": "brickstone",
	"minecraft:orange_terracotta": "brickstone",
	"minecraft:magenta_terracotta": "brickstone",
	"minecraft:light_blue_terracotta": "brickstone",
	"minecraft:yellow_terracotta": "brickstone",
	"minecraft:lime_terracotta": "brickstone",
	"minecraft:pink_terracotta": "brickstone",
	"minecraft:gray_terracotta": "brickstone",
	"minecraft:light_gray_terracotta": "brickstone",
	"minecraft:cyan_terracotta": "brickstone",
	"minecraft:purple_terracotta": "brickstone",
	"minecraft:blue_terracotta": "brickstone",
	"minecraft:brown_terracotta": "brickstone",
	"minecraft:green_terracotta": "brickstone",
	"minecraft:red_terracotta": "brickstone",
	"minecraft:black_terracotta": "brickstone",

	"minecraft:iron_trapdoor": "metalsubparts",
	"minecraft:hay_block": "leaves",

	"minecraft:terracotta": "brickstone",
	"minecraft:coal_block": "stone",

	"minecraft:slime_block": "mud,slime",
	"minecraft:honey_block": "honey",
	"minecraft:grass_path": "grass",

	"minecraft:sunflower": "NOT_EMITTER",
	"minecraft:sunflower.messy": "MESSY_GROUND",
	"minecraft:sunflower.foliage": "brush",

	"minecraft:lilac": "NOT_EMITTER",
	"minecraft:lilac.messy": "MESSY_GROUND",
	"minecraft:lilac.foliage": "brush_straw_transition",

	"minecraft:rose_bush": "NOT_EMITTER",
	"minecraft:rose_bush.messy": "MESSY_GROUND",
	"minecraft:rose_bush.foliage": "brush",

	"minecraft:peony": "NOT_EMITTER",
	"minecraft:peony.messy": "MESSY_GROUND",
	"minecraft:peony.foliage": "brush_straw_transition",

	"minecraft:tall_grass": "NOT_EMITTER",
	"minecraft:tall_grass.messy": "MESSY_GROUND",
	"minecraft:tall_grass.foliage": "brush_straw_transition",

	"minecraft:large_fern": "NOT_EMITTER",
	"minecraft:large_fern.messy": "MESSY_GROUND",
	"minecraft:large_fern.foliage": "brush_straw_transition",

	"minecraft:white_stained_glass": "glass",
	"minecraft:orange_stained_glass": "glass",
	"minecraft:magenta_stained_glass": "glass",
	"minecraft:light_blue_stained_glass": "glass",
	"minecraft:yellow_stained_glass": "glass",
	"minecraft:lime_stained_glass": "glass",
	"minecraft:pink_stained_glass": "glass",
	"minecraft:gray_stained_glass": "glass",
	"minecraft:light_gray_stained_glass": "glass",
	"minecraft:cyan_stained_glass": "glass",
	"minecraft:purple_stained_glass": "glass",
	"minecraft:blue_stained_glass": "glass",
	"minecraft:brown_stained_glass": "glass",
	"minecraft:green_stained_glass": "glass",
	"minecraft:red_stained_glass": "glass",
	"minecraft:black_stained_glass": "glass",

	"minecraft:white_stained_glass_pane": "glass",
	"minecraft:orange_stained_glass_pane": "glass",
	"minecraft:magenta_stained_glass_pane": "glass",
	"minecraft:light_blue_stained_glass_pane": "glass",
	"minecraft:yellow_stained_glass_pane": "glass",
	"minecraft:lime_stained_glass_pane": "glass",
	"minecraft:pink_stained_glass_pane": "glass",
	"minecraft:gray_stained_glass_pane": "glass",
	"minecraft:light_gray_stained_glass_pane": "glass",
	"minecraft:cyan_stained_glass_pane": "glass",
	"minecraft:purple_stained_glass_pane": "glass",
	"minecraft:blue_stained_glass_pane": "glass",
	"minecraft:brown_stained_glass_pane": "glass",
	"minecraft:green_stained_glass_pane": "glass",
	"minecraft:red_stained_glass_pane": "glass",
	"minecraft:black_stained_glass_pane": "glass",

	"minecraft:prismarine": "stone",
	"minecraft:prismarine_bricks": "brickstone",
	"minecraft:dark_prismarine": "stone",

	"minecraft:prismarine_stairs": "stone",
	"minecraft:prismarine_brick_stairs": "brickstone",
	"minecraft:dark_prismarine_stairs": "stone",

	"minecraft:sea_lantern": "stoneutility",

	"minecraft:red_sandstone": "sandstone",
	"minecraft:chiseled_red_sandstone": "sandstone",
	"minecraft:cut_red_sandstone": "sandstone",
	"minecraft:red_sandstone_stairs": "sandstone",

	"minecraft:magma_block": "magma",
	"minecraft:nether_wart_block": "grass,mushroom",
	"minecraft:warped_wart_block": "organic_solid,mushroom",
	"minecraft:red_nether_bricks": "brickstone",
	"minecraft:bone_block": "bone",

	"minecraft:observer": "stoneutility",

	"minecraft:shulker_box": "squeakywood",
	"minecraft:white_shulker_box": "squeakywood",
	"minecraft:orange_shulker_box": "squeakywood",
	"minecraft:magenta_shulker_box": "squeakywood",
	"minecraft:light_blue_shulker_box": "squeakywood",
	"minecraft:yellow_shulker_box": "squeakywood",
	"minecraft:lime_shulker_box": "squeakywood",
	"minecraft:pink_shulker_box": "squeakywood",
	"minecraft:gray_shulker_box": "squeakywood",
	"minecraft:light_gray_shulker_box": "squeakywood",
	"minecraft:cyan_shulker_box": "squeakywood",
	"minecraft:purple_shulker_box": "squeakywood",
	"minecraft:blue_shulker_box": "squeakywood",
	"minecraft:brown_shulker_box": "squeakywood",
	"minecraft:green_shulker_box": "squeakywood",
	"minecraft:red_shulker_box": "squeakywood",
	"minecraft:black_shulker_box": "squeakywood",

	"minecraft:white_glazed_terracotta": "composite",
	"minecraft:orange_glazed_terracotta": "composite",
	"minecraft:magenta_glazed_terracotta": "composite",
	"minecraft:light_blue_glazed_terracotta": "composite",
	"minecraft:yellow_glazed_terracotta": "composite",
	"minecraft:lime_glazed_terracotta": "composite",
	"minecraft:pink_glazed_terracotta": "composite",
	"minecraft:gray_glazed_terracotta": "composite",
	"minecraft:light_gray_glazed_terracotta": "composite",
	"minecraft:cyan_glazed_terracotta": "composite",
	"minecraft:purple_glazed_terracotta": "composite",
	"minecraft:blue_glazed_terracotta": "composite",
	"minecraft:brown_glazed_terracotta": "composite",
	"minecraft:green_glazed_terracotta": "composite",
	"minecraft:red_glazed_terracotta": "composite",
	"minecraft:black_glazed_terracotta": "composite",

	"minecraft:white_concrete": "stone",
	"minecraft:orange_concrete": "stone",
	"minecraft:magenta_concrete": "stone",
	"minecraft:light_blue_concrete": "stone",
	"minecraft:yellow_concrete": "stone",
	"minecraft:lime_concrete": "stone",
	"minecraft:pink_concrete": "stone",
	"minecraft:gray_concrete": "stone",
	"minecraft:light_gray_concrete": "stone",
	"minecraft:cyan_concrete": "stone",
	"minecraft:purple_concrete": "stone",
	"minecraft:blue_concrete": "stone",
	"minecraft:brown_concrete": "stone",
	"minecraft:green_concrete": "stone",
	"minecraft:red_concrete": "stone",
	"minecraft:black_concrete": "stone",

	"minecraft:white_concrete_powder": "sand",
	"minecraft:orange_concrete_powder": "sand",
	"minecraft:magenta_concrete_powder": "sand",
	"minecraft:light_blue_concrete_powder": "sand",
	"minecraft:yellow_concrete_powder": "sand",
	"minecraft:lime_concrete_powder": "sand",
	"minecraft:pink_concrete_powder": "sand",
	"minecraft:gray_concrete_powder": "sand",
	"minecraft:light_gray_concrete_powder": "sand",
	"minecraft:cyan_concrete_powder": "sand",
	"minecraft:purple_concrete_powder": "sand",
	"minecraft:blue_concrete_powder": "sand",
	"minecraft:brown_concrete_powder": "sand",
	"minecraft:green_concrete_powder": "sand",
	"minecraft:red_concrete_powder": "sand",
	"minecraft:black_concrete_powder": "sand",

	"minecraft:turtle_egg": "bone",
	"minecraft:dragon_egg": "obsidian",

	"minecraft:dead_tube_coral_block": "bone,ore",
	"minecraft:dead_brain_coral_block": "bone,ore",
	"minecraft:dead_bubble_coral_block": "bone,ore",
	"minecraft:dead_fire_coral_block": "bone,ore",
	"minecraft:dead_horn_coral_block": "bone,ore",

	"minecraft:dead_tube_coral": "NOT_EMITTER",
	"minecraft:dead_tube_coral.messy": "MESSY_GROUND",
	"minecraft:dead_tube_coral.foliage": "brush",
	"minecraft:dead_brain_coral": "NOT_EMITTER",
	"minecraft:dead_brain_coral.messy": "MESSY_GROUND",
	"minecraft:dead_brain_coral.foliage": "brush",
	"minecraft:dead_bubble_coral": "NOT_EMITTER",
	"minecraft:dead_bubble_coral.messy": "MESSY_GROUND",
	"minecraft:dead_bubble_coral.foliage": "brush",
	"minecraft:dead_fire_coral": "NOT_EMITTER",
	"minecraft:dead_fire_coral.messy": "MESSY_GROUND",
	"minecraft:dead_fire_coral.foliage": "brush",
	"minecraft:dead_horn_coral": "NOT_EMITTER",
	"minecraft:dead_horn_coral.messy": "MESSY_GROUND",
	"minecraft:dead_horn_coral.foliage": "brush",

	"minecraft:dead_tube_coral_fan": "NOT_EMITTER",
	"minecraft:dead_tube_coral_fan.messy": "MESSY_GROUND",
	"minecraft:dead_tube_coral_fan.foliage": "brush",
	"minecraft:dead_brain_coral_fan": "NOT_EMITTER",
	"minecraft:dead_brain_coral_fan.messy": "MESSY_GROUND",
	"minecraft:dead_brain_coral_fan.foliage": "brush",
	"minecraft:dead_bubble_coral_fan": "NOT_EMITTER",
	"minecraft:dead_bubble_coral_fan.messy": "MESSY_GROUND",
	"minecraft:dead_bubble_coral_fan.foliage": "brush",
	"minecraft:dead_fire_coral_fan": "NOT_EMITTER",
	"minecraft:dead_fire_coral_fan.messy": "MESSY_GROUND",
	"minecraft:dead_fire_coral_fan.foliage": "brush",
	"minecraft:dead_horn_coral_fan": "NOT_EMITTER",
	"minecraft:dead_horn_coral_fan.messy": "MESSY_GROUND",
	"minecraft:dead_horn_coral_fan.foliage": "brush",

	"minecraft:dead_tube_coral_wall_fan": "NOT_EMITTER",
	"minecraft:dead_tube_coral_wall_fan.messy": "MESSY_GROUND",
	"minecraft:dead_tube_coral_wall_fan.foliage": "brush",
	"minecraft:dead_brain_coral_wall_fan": "NOT_EMITTER",
	"minecraft:dead_brain_coral_wall_fan.messy": "MESSY_GROUND",
	"minecraft:dead_brain_coral_wall_fan.foliage": "brush",
	"minecraft:dead_bubble_coral_wall_fan": "NOT_EMITTER",
	"minecraft:dead_bubble_coral_wall_fan.messy": "MESSY_GROUND",
	"minecraft:dead_bubble_coral_wall_fan.foliage": "brush",
	"minecraft:dead_fire_coral_wall_fan": "NOT_EMITTER",
	"minecraft:dead_fire_coral_wall_fan.messy": "MESSY_GROUND",
	"minecraft:dead_fire_coral_wall_fan.foliage": "brush",
	"minecraft:dead_horn_coral_wall_fan": "NOT_EMITTER",
	"minecraft:dead_horn_coral_wall_fan.messy": "MESSY_GROUND",
	"minecraft:dead_horn_coral_wall_fan.foliage": "brush",

	"minecraft:conduit": "stone",

	"minecraft:polished_granite_stairs": "marble",
	"minecraft:smooth_red_sandstone_stairs": "sandstone",
	"minecraft:mossy_stone_brick_stairs": "brickstone",
	"minecraft:polished_diorite_stairs": "marble,ore",
	"minecraft:mossy_cobblestone_stairs": "stone",
	"minecraft:end_stone_brick_stairs": "brickstone",
	"minecraft:stone_stairs": "stone",
	"minecraft:smooth_sandstone_stairs": "sandstone",
	"minecraft:smooth_quartz_stairs": "marble",
	"minecraft:granite_stairs": "stone,ore",
	"minecraft:andesite_stairs": "stone",
	"minecraft:red_nether_brick_stairs": "brickstone",
	"minecraft:polished_andesite_stairs": "marble",
	"minecraft:diorite_stairs": "stone,ore",

	"minecraft:polished_granite_slab": "marble",
	"minecraft:smooth_red_sandstone_slab": "sandstone",
	"minecraft:mossy_stone_brick_slab": "brickstone",
	"minecraft:polished_diorite_slab": "marble,ore",
	"minecraft:mossy_cobblestone_slab": "stone",
	"minecraft:end_stone_brick_slab": "brickstone",
	"minecraft:smooth_sandstone_slab": "sandstone",
	"minecraft:smooth_quartz_slab": "marble",
	"minecraft:granite_slab": "stone,ore",
	"minecraft:andesite_slab": "stone",
	"minecraft:red_nether_brick_slab": "brickstone",
	"minecraft:polished_andesite_slab": "marble",
	"minecraft:diorite_slab": "stone,ore",

	"minecraft:blackstone": "stone",
	"minecraft:gilded_blackstone": "stone,ore",
	"minecraft:blackstone_slab": "stone",
	"minecraft:blackstone_stairs": "stone",
	"minecraft:blackstone_wall.bigger": "stone",

	"minecraft:polished_blackstone": "marble",
	"minecraft:chiseled_polished_blackstone": "marble",
	"minecraft:polished_blackstone_slab": "marble",
	"minecraft:polished_blackstone_stairs": "marble",
	"minecraft:polished_blackstone_button": "marble",
	"minecraft:polished_blackstone_pressure_plate": "marble",
	"minecraft:polished_blackstone_pressure_plate.carpet": "marble",
	"minecraft:polished_blackstone_wall.bigger": "marble",

	"minecraft:polished_blackstone_bricks": "brickstone",
	"minecraft:polished_blackstone_brick_slab": "brickstone",
	"minecraft:polished_blackstone_brick_stairs": "brickstone",
	"minecraft:polished_blackstone_brick_wall.bigger": "brickstone",
	"minecraft:cracked_polished_blackstone_bricks": "brickstone",

	"minecraft:scaffolding": "scaffold",

	"minecraft:iron_door": "metalsubparts",

	"minecraft:repeater": "stoneutility",
	"minecraft:comparator": "stoneutility",
	"minecraft:composter": "bluntwood",

	"minecraft:wheat": "NOT_EMITTER",
	"minecraft:wheat.messy": "MESSY_GROUND",
	"minecraft:wheat[age=2].foliage": "brush",
	"minecraft:wheat[age=3].foliage": "brush",
	"minecraft:wheat[age=4].foliage": "brush_straw_transition",
	"minecraft:wheat[age=5].foliage": "brush_straw_transition",
	"minecraft:wheat[age=6].foliage": "straw",
	"minecraft:wheat[age=7].foliage": "straw",

	"minecraft:sugar_cane": "NOT_EMITTER",
	"minecraft:sugar_cane.messy": "MESSY_GROUND",
	"minecraft:sugar_cane.foliage": "straw",

	"minecraft:dried_kelp_block": "leaves,straw",
	"minecraft:kelp": "leaves,mud",
	"minecraft:kelp_plant": "leaves,mud",
	"minecraft:bamboo": "squeakywood",
	"minecraft:bamboo.foliage": "squeakywood",
	"minecraft:bamboo_sapling": "NOT_EMITTER",
	"minecraft:bamboo_sapling.foliage": "squeakywood",
	"minecraft:cocoa": "organic_dry",
	"minecraft:cake": "organic",

	"minecraft:nether_wart": "NOT_EMITTER",
	"minecraft:nether_wart.foliage": "organic,mushroom",
	"minecraft:nether_sprouts": "NOT_EMITTER",
	"minecraft:nether_sprouts.foliage": "organic,mushroom",
	"minecraft:brewing_stand": "metalbar",
	"minecraft:cauldron": "metalbar",
	"minecraft:chain": "chain",
	"minecraft:chain.foliage": "chain",

	"minecraft:potted_oxeye_daisy.foliage": "brush",

	"minecraft:potted_warped_roots.foliage": "mushroom",
	"minecraft:potted_crimson_roots.foliage": "mushroom",
	"minecraft:potted_warped_fungus.foliage": "mushroom",
	"minecraft:potted_crimson_fungus.foliage": "mushroom",

	"minecraft:potted_wither_rose.messy": "straw",
	"minecraft:potted_wither_rose.foliage": "brush",

	"minecraft:potted_cactus": "grass",
	"minecraft:potted_bamboo.foliage": "squeakywood",

	"minecraft:carrots": "NOT_EMITTER",
	"minecraft:carrots.messy": "MESSY_GROUND",
	"minecraft:carrots[age=4].foliage": "brush",
	"minecraft:carrots[age=5].foliage": "brush",
	"minecraft:carrots[age=6].foliage": "brush",
	"minecraft:carrots[age=7].foliage": "brush",

	"minecraft:potatoes": "NOT_EMITTER",
	"minecraft:potatoes.messy": "MESSY_GROUND",
	"minecraft:potatoes[age=4].foliage": "brush",
	"minecraft:potatoes[age=5].foliage": "brush",
	"minecraft:potatoes[age=6].foliage": "brush",
	"minecraft:potatoes[age=7].foliage": "brush",

	"minecraft:skeleton_skull": "bone",
	"minecraft:wither_skeleton_skull": "bone",
	"minecraft:player_head": "organic_dry",
	"minecraft:zombie_head": "organic",
	"minecraft:creeper_head": "organic_dry",
	"minecraft:dragon_head": "organic_dry",

	"minecraft:skeleton_wall_skull": "bone",
	"minecraft:wither_skeleton_wall_skull": "bone",
	"minecraft:player_wall_head": "organic_dry",
	"minecraft:zombie_wall_head": "organic",
	"minecraft:creeper_wall_head": "organic_dry",
	"minecraft:dragon_wall_head": "organic_dry",

	"minecraft:command_block": "woodutility",
	"minecraft:chain_command_block": "woodutility",
	"minecraft:repeating_command_block": "woodutility",
	"minecraft:structure_block": "stonemachine,organic_solid,glass",
	"minecraft:jigsaw": "stonemachine,organic_solid,glass",

	"minecraft:beetroots": "NOT_EMITTER",
	"minecraft:beetroots.messy": "MESSY_GROUND",
	"minecraft:beetroots[age=3].foliage": "brush",

	"minecraft:loom": "wood",
	"minecraft:barrel": "squeakywood",
	"minecraft:cartography_table": "wood",
	"minecraft:fletching_table": "wood",
	"minecraft:smoker": "stoneutility",
	"minecraft:blast_furnace": "stoneutility",
	"minecraft:grindstone": "marble,hardmetal",
	"minecraft:smithing_table": "wood",
	"minecraft:lectern": "woodutility",
	"minecraft:stonecutter": "stone",
	"minecraft:bell": "metalbar",

	"minecraft:lantern": "UNASSIGNED",
	"minecraft:soul_fire_lantern": "UNASSIGNED",
	"minecraft:campfire[lit=false]": "wood",
	"minecraft:campfire": "wood,magma",
	"minecraft:soul_campfire[lit=false]": "wood",
	"minecraft:soul_campfire": "wood,magma",

	"minecraft:sweet_berry_bush": "NOT_EMITTER",
	"minecraft:sweet_berry_bush.messy": "straw",
	"minecraft:sweet_berry_bush.foliage": "brush",

	"minecraft:weeping_vines": "mushroom",
	"minecraft:weeping_vines.foliage": "mushroom",
	"minecraft:weeping_vines_plant": "mushroom",
	"minecraft:weeping_vines_plant.foliage": "mushroom",
	"minecraft:twisting_vines": "leaves,mushroom",
	"minecraft:twisting_vines.foliage": "mushroom",
	"minecraft:twisting_vines_plant": "mushroom",
	"minecraft:twisting_vines_plant.foliage": "mushroom",

	"minecraft:crimson_fungus": "NOT_EMITTER",
	"minecraft:crimson_fungus.foliage": "mushroom",
	"minecraft:warped_fungus": "NOT_EMITTER",
	"minecraft:warped_fungus.foliage": "mushroom",
	"minecraft:crimson_roots": "NOT_EMITTER",
	"minecraft:crimson_roots.foliage": "mushroom",
	"minecraft:warped_roots": "NOT_EMITTER",
	"minecraft:warped_roots.foliage": "mushroom",

	"minecraft:crimson_button[face=floor].foliage": "wood,mushroom",
	"minecraft:crimson_button": "NOT_EMITTER",
	"minecraft:warped_button[face=floor].foliage": "wood,mushroom",
	"minecraft:warped_button": "NOT_EMITTER",
	
	"minecraft:crimson_fence_gate.bigger": "bluntwood,mushroom",
	"minecraft:warped_fence_gate.bigger": "bluntwood,mushroom",
	"minecraft:crimson_fence.bigger": "bluntwood,mushroom",
	"minecraft:warped_fence.bigger": "bluntwood,mushroom",
	"minecraft:crimson_pressure_plate": "wood,mushroom",
	"minecraft:warped_pressure_plate": "wood,mushroom",
	"minecraft:crimson_pressure_plate.carpet": "wood,mushroom",
	"minecraft:warped_pressure_plate.carpet": "wood,mushroom",
	
	"minecraft:crimson_planks": "wood,mushroom",
	"minecraft:warped_planks": "wood,mushroom",
	"minecraft:crimson_slab": "wood,mushroom",
	"minecraft:warped_slab": "wood,mushroom",
	
	"minecraft:shroomlight": "organic,mushroom",
	
	"minecraft:crimson_trapdoor": "bluntwood,mushroom",
	"minecraft:warped_trapdoor": "bluntwood,mushroom",
	
	"minecraft:crimson_door": "bluntwood,mushroom",
	"minecraft:warped_door": "bluntwood,mushroom",

	"minecraft:basalt": "sandstone,crumblystone",
	"minecraft:polished_basalt": "marble,crumblystone",
	"minecraft:soul_soil": "souls",
	"minecraft:lodestone": "stonemachine",
	"minecraft:target": "leaves",
	"minecraft:ancient_debris": "hardsteel,stone",
	
	"#minecraft:nylium": "mud,sand",
    "minecraft:stripped_warped_stem[axis=y)": "wood,mushroom",
	"minecraft:stripped_warped_stem": "organic_dry,mushroom,stone",
	"minecraft:stripped_warped_hyphae": "organic_dry,mushroom,stone",
	"#minecraft:warped_stems": "organic_dry,wood_sticky,mushroom",
	
    "minecraft:stripped_crimson_stem[axis=y]": "wood,mushroom,stone",
	"minecraft:stripped_crimson_stem": "organic_dry,mushroom,stone",
	"minecraft:stripped_crimson_hyphae": "organic_dry,mushroom,stone",
	"#minecraft:crimson_stems": "organic_dry,wood_sticky,mushroom",
	
	
   


    "betternether:anchor_tree_bark": "squeakywood",
    "betternether:anchor_tree_door": "squeakywood",
    "betternether:anchor_tree_gate": "squeakywood",
    "betternether:anchor_tree_fence": "squeakywood",
    "betternether:anchor_tree_slab": "squeakywood",
    "betternether:anchor_tree_stairs": "squeakywood",
    "betternether:anchor_tree_ladder": "squeakywood",
    "betternether:anchor_tree_leaves": "leaves", 
    "betternether:anchor_tree_log[axis=y]": "squeakywood,grass",
    "betternether:anchor_tree_log": "squeakywood",
    "betternether:anchor_tree_planks": "squeakywood",
    "betternether:anchor_tree_plate": "squeakywood",
    "betternether:anchor_tree_stairs": "squeakywood",
    "betternether:anchor_tree_trapdoor": "squeakywood",
    "betternether:barrel_anchor_tree": "squeakywood",
    "betternether:barrel_cactus": "grass",
    "betternether:barrel_crimson": "bluntwood,mushroom",
    "betternether:barrel_mushroom":  "bluntwood,mushroom",
    "betternether:barrel_mushroom_fir":  "bluntwood,mushroom",
    "betternether:barrel_nether_sakura": "bluntwood",
    "betternether:barrel_reed": "squeakywood",
    "betternether:barrel_rubeus": "bluntwood",
    "betternether:barrel_stalagnate": "woodutility",
    "betternether:barrel_warped":  "bluntwood,mushroom",
    "betternether:barrel_wart": "bluntwood,rug",
    "betternether:barrel_willow": "bluntwood",
    "betternether:bar_stool_acacia": "bluntwood",
    "betternether:bar_stool_anchor_tree": "bluntwood,rug",
    "betternether:bar_stool_birch": "bluntwood",
    "betternether:bar_stool_cincinnasite": "brickstone",
    "betternether:bar_stool_crimson": "bluntwood,mushroom",
    "betternether:bar_stool_dark_oak": "bluntwood",
    "betternether:bar_stool_jungle": "bluntwood",
    "betternether:bar_stool_mushroom": "bluntwood,mushroom",
    "betternether:bar_stool_mushroom_fir": "bluntwood,mushroom",
    "betternether:bar_stool_nether_sakura": "bluntwood",
    "betternether:bar_stool_oak": "bluntwood",
    "betternether:bar_stool_reeds": "bluntwood,brush",
    "betternether:bar_stool_rubeus": "bluntwood",
    "betternether:bar_stool_spruce": "bluntwood",
    "betternether:bar_stool_stalagnate": "woodutility",
    "betternether:bar_stool_warped": "bluntwood,mushroom",
    "betternether:bar_stool_wart": "bluntwood,rug",
    "betternether:bar_stool_willow": "bluntwood",
    "betternether:basalt_bricks": "stone",
    "betternether:basalt_bricks_stairs":  "stone",
    "betternether:basalt_bricks_slab":  "stone",
    "betternether:basalt_bricks_wall":  "stone",
    "betternether:basalt_furnace": "sandstone,stone",
    "betternether:basalt_slab": "sandstone,crumblystone",
    "betternether:basalt_stalactite": "sandstone,crumblystone",
    "betternether:black_apple_seed": "wood",
    "betternether:black_bush.foliage": "brush",
    "betternether:blackstone_furnace": "stonebrick",
    "betternether:blackstone_stalactite": "stone",
    "betternether:black_vine.foliage": "brush",
    "betternether:eyeball": "mud,rug",
    "betternether:eyeball_small": "mud,rug",
    "betternether:blue_obsidian": "obsidian,glowstone",
    "betternether:blue_obsidian_bricks": "brickstone,glowstone",
    "betternether:blue_obsidian_bricks_slab": "brickstone,glowstone",
    "betternether:blue_obsidian_bricks_stairs": "brickstone,glowstone",
    "betternether:blue_obsidian_glass": "glass,glowstone",
    "betternether:blue_obsidian_glass_pane": "glass,glowstone",
    "betternether:blue_obsidian_tile": "brickstone,glowstone",
    "betternether:blue_obsidian_tile_slab": "brickstone,glowstone",
    "betternether:blue_obsidian_tile_small": "brickstone,glowstone",
    "betternether:blue_obsidian_tile_stairs":  "brickstone,glowstone",
    "betternether:bone_block": "bone",
    "betternether:bone_slab": "bone",
    "betternether:bone_plate": "bone",
    "betternether:bone_cincinnasite_door": "bone,brickstone",
    "betternether:bone_reed_door": "bone,squeakywood",
    "betternether:bone_stairs": "bone",
    "betternether:bone_stalactite": "bone",
    "betternether:bone_tile": "bone,sandstone",
    "betternether:bone_wall": "bone",
    "betternether:brick_pot": "souls,brickstone",
    "betternether:bricks_fire_bowl": "brickstone,utility",
    "betternether:bricks_fire_bowl[fire=true]":  "brickstone,utility,fire",
    "betternether:bricks_fire_bowl_soul":  "brickstone,quicksand",
    "betternether:bricks_fire_bowl_soul[fire=true]":  "brickstone,quicksand,fire", 
    "betternether:chair_acacia": "bluntwood",
    "betternether:chair_anchor_tree": "squeakywood",
    "betternether:chair_birch": "bluntwood",
    "betternether:chair_cincinnasite": "marble",
    "betternether:chair_crimson": "bluntwood,mushroom",
    "betternether:chair_dark_oak": "bluntwood",
    "betternether:chair_jungle": "bluntwood",
    "betternether:chair_mushroom": "mushroom,squeakywood",
    "betternether:chair_mushroom_fir": "mushroom,squeakywood",
    "betternether:chair_nether_sakura": "bluntwood",
    "betternether:chair_oak": "bluntwood",
    "betternether:chair_reeds": "squeakywood",
    "betternether:chair_rubeus": "bluntwood",
    "betternether:chair_spruce": "bluntwood",
    "betternether:chair_stalagnate": "woodutility",
    "betternether:chair_warped": "bluntwood,mushroom",
    "betternether:chair_wart": "bluntwood,rug",
    "betternether:chair_willow": "squeakywood",
    "betternether:chest_of_drawers": "hardsteel,marble",
    "betternether:cincinnasite_anvil": "metalcompressed,hardsteel",
    "betternether:cincinnasite_bars": "hardsteel",
    "betternether:cincinnasite_block": "hardsteel,sandstone",
    "betternether:cincinnasite_brick_plate": "marble",
    "betternether:cincinnasite_bricks": "marble",
    "betternether:cincinnasite_bricks_pillar": "marble",
    "betternether:cincinnasite_carved": "hardsteel,marble",
    "betternether:cincinnasite_chain": "chain",
    "betternether:cincinnasite_fire_bowl": "marble,equipment",
    "betternether:cincinnasite_fire_bowl[fire=true]":  "marble,equipment,fire",
    "betternether:cincinnasite_fire_bowl_soul":  "marble,quicksand",
    "betternether:cincinnasite_fire_bowl_soul[fire=true]":  "marble,quicksand,fire",
    "betternether:cincinnasite_forge": "marble,hardsteel",
    "betternether:cincinnasite_forged": "brickstone,hardsteel",
    "betternether:cincinnasite_frame": "glass",
    "betternether:cincinnasite_slab": "marble,hardsteel",
    "betternether:cincinnasite_lantern": "hardsteel,glowstone",
    "betternether:cincinnasite_ore": "equipment,ore",
    "betternether:cincinnasite_pedestal": "hardsteel,marble",
    "betternether:cincinnasite_pillar": "marble,hardsteel",
    "betternether:cincinnasite_pot": "brickstone,souls",
    "betternether:cincinnasite_plate": "marble,hardsteel",
    "betternether:cincinnasite_stairs": "marble,hardsteel",
    "betternether:cincinnasite_tile_large": "marble,hardsteel",
    "betternether:cincinnasite_tile_small": "marble,hardsteel",
    "betternether:cincinnasite_wall": "marble,hardsteel",
    "betternether:crafting_table_anchor_tree": "rug,squeakywood",
    "betternether:crafting_table_crimson": "rug,mushroom,wood",
    "betternether:crafting_table_mushroom": "rug,mushroom",
    "betternether:crafting_table_mushroom_fir": "rug,mushroom",
    "betternether:crafting_table_nether_sakura": "rug,wood",
    "betternether:crafting_table_reed": "rug,squeakywood",
    "betternether:crafting_table_rubeus": "rug,wood",
    "betternether:crafting_table_stalagnate": "rug,woodutility",
    "betternether:crafting_table_warped": "rug,mushroom,wood",
    "betternether:crafting_table_wart": "rug,wood,squeakywood",
    "betternether:crafting_table_willow": "rug,wood",
    "betternether:crimson_ladder": "mushroom,squeakywood",
    "betternether:egg_plant": "slick",
    "betternether:eye_vine.foliage": "slick",
    "betternether:farmland": "souls",
    "betternether:feather_fern.foliage": "brush",
    "betternether:feather_fern[age=2].foliage": "brush",
    "betternether:feather_fern[age=3].foliage": "brush_straw_transition",
    "betternether:feather_fern[age=4].foliage": "brush_straw_transition",
    "betternether:geyser": "magma,equipment",
    "betternether:giant_lucis": "mushroom,rug",
    "betternether:glowstone_stalactite": "glowstone",
    "betternether:golden_vine.foliage": "brush,mushroom",
    "betternether:ink_bush.foliage": "brush",
    "betternether:ink_bush[age=1].foliage": "brush_straw_transition",
    "betternether:ink_bush[age=2].foliage": "brush_straw_transition",
    "betternether:ink_bush[age=3].foliage": "brush_straw_transition,wood",
    "betternether:ink_bush_seed": "brush",
    "betternether:jellyfish_mushroom": "mushroom,organic",
    "betternether:jellyfish_mushroom_sapling.foliage": "mushroom",
    "betternether:jungle_grass": "grass,mud",
    "betternether:jungle_moss.foliage": "brush",
    "betternether:lumabus_vine.foliage": "brush",
    "betternether:magma_flower.foliage": "rug",
    "betternether:magma_flower[age=1]": "rug",
    "betternether:magma_flower[age=2]": "magma,rug",
    "betternether:magma_flower[age=3]": "magma",
    "betternether:moss_cover": "grass,brush",
    "betternether:mushroom_door": "mushroom,bluntwood",
    "betternether:mushroom_gate": "bluntwood,mushroom",
    "betternether:mushroom_fence": "bluntwood,mushroom",
    "betternether:mushroom_fir_door": "squeakywood,mushroom",
    "betternether:mushroom_fir_gate": "squeakywood,mushroom",
    "betternether:mushroom_fir_fence": "squeakywood,mushroom",
    "betternether:mushroom_fir_slab": "woodutility,mushroom",
    "betternether:mushroom_fir_ladder": "squeakywood,mushroom",
    "betternether:mushroom_fir_log": "wood,mushroom",
    "betternether:mushroom_fir_planks": "woodutility,mushroom",
    "betternether:mushroom_fir_plate": "woodutility,mushroom",
    "betternether:mushroom_fir_sapling.foliage": "mushroom",
    "betternether:mushroom_fir_stairs": "woodutility,mushroom",
    "betternether:mushroom_fir_trapdoor": "squeakywood,mushroom",
    "betternether:mushroom_fir_wood": "wood,mushroom",
    "betternether:mushroom_grass": "grass,mushroom",
    "betternether:mushroom_slab": "mushroom,wood",
    "betternether:mushroom_ladder": "squeakywood,mushroom",
    "betternether:mushroom_planks": "mushroom,wood",
    "betternether:mushroom_plate": "mushroom,wood",
    "betternether:mushroom_stairs": "mushroom,wood",
    "betternether:mushroom_stem": "mushroom,bluntwood",
    "betternether:mushroom_trapdoor": "bluntwood,mushroom",
    "betternether:neon_equisetum.foliage": "brush,organic", 
    "betternether:nether_brewing_stand": "hardsteel",
    "betternether:nether_brick_wall": "sandstone,brickstone",
    "betternether:nether_brick_tile_slab": "sandstone,brickstone",
    "betternether:nether_brick_tile_large": "sandstone,brickstone",
    "betternether:nether_brick_tile_small": "sandstone,brickstone",
    "betternether:nether_brick_tile_stairs": "sandstone,brickstone",
    "betternether:nether_cactus": "grass",
    "betternether:nether_grass.brush": "brush_straw_transition",
    "betternether:netherite_fire_bowl": "equipment,hollowmetal",
    "betternether:netherite_fire_bowl[fire=true]": "fire,hollowmetal",
    "betternether:netherite_fire_bowl_soul": "quicksand,hollowmetal",
    "betternether:netherite_fire_bowl_soul[fire=true]": "fire,hollowmetal",
    "betternether:nether_lapis_ore": "ore,equipment",
    "betternether:nether_mycelium": "mushroom,grass",
    "betternether:netherrack_furnace": "stone",
    "betternether:netherrack_moss": "grass,stone",
    "betternether:nether_reed.foliage": "straw",
    "betternether:nether_ruby_block": "composite",
    "betternether:nether_ruby_ore": "equipment,ore",
    "betternether:nether_ruby_slab": "composite",
    "betternether:nether_ruby_stairs": "composite",
    "betternether:nether_sakura_door": "woodutility",
    "betternether:nether_sakura_gate": "woodutility",
    "betternether:nether_sakura_fence": "woodutility",
    "betternether:nether_sakura_slab": "woodutility",
    "betternether:nether_sakura_ladder": "wood",
    "betternether:nether_sakura_leaves": "leaves,rug",
    "betternether:nether_sakura_log[axis=y]": "wood",
    "betternether:nether_sakura_log": "wood,rug", 
    "betternether:nether_sakura_planks": "woodutility",
    "betternether:nether_sakura_plate": "woodutility",
    "betternether:nether_sakura_sapling.foliage": "brush", 
    "betternether:nether_sakura_stairs": "woodutility",
    "betternether:nether_sakura_trapdoor": "woodutility",
    "betternether:obsidian_bricks": "brickstone,marble",
    "betternether:obsidian_bricks_slab": "brickstone,marble",
    "betternether:obsidian_bricks_stairs": "brickstone,marble",
    "betternether:obsidian_glass": "glass,glowstone",
    "betternether:obsidian_glass_pane": "glass,glowstone",
    "betternether:obsidian_tile": "brickstone,marble",
    "betternether:obsidian_tile_slab": "brickstone,marble",
    "betternether:obsidian_tile_small": "brickstone,marble",
    "betternether:obsidian_tile_stairs": "brickstone,marble",
    "betternether:orange_mushroom.foliage": "organic", 
    "betternether:pig_statue_respawner": "hardsteel,brickstone",
    "betternether:potted_plant[plant=agave].foliage": "brush,organic",
    "betternether:potted_plant[plant=black_apple].foliage": "brush_straw_transition",
    "betternether:potted_plant[plant=black_bush].foliage": "brush_straw_transition",
    "betternether:potted_plant[plant=bone_grass].foliage": "brush",
    "betternether:potted_plant[plant=bone_mushroom].foliage": "mushroom",
    "betternether:potted_plant[plant=cactus_barrel].foliage": "grass",
    "betternether:potted_plant[plant=egg_plant].foliage": "organic",
    "betternether:potted_plant[plant=gray_mold].foliage": "grass",
    "betternether:potted_plant[plant=ink_bush].foliage": "brush_straw_transition,wood",
    "betternether:potted_plant[plant=jellyfish_mushroom].foliage": "mushroom",
    "betternether:potted_plant[plant=jungle_plant].foliage": "brush",
    "betternether:potted_plant[plant=magma_flower].foliage": "organic_dry",
    "betternether:potted_plant[plant=nether_cactus].foliage": "grass",
    "betternether:potted_plant[plant=orange_mushroom].foliage": "mushroom,organic",
    "betternether:potted_plant[plant=red_mold].foliage": "brush",
    "betternether:potted_plant[plant=reeds].foliage": "straw",
    "betternether:potted_plant[plant=smoker].foliage": "squeakywood",
    "betternether:potted_plant[plant=soul_grass].foliage": "brush",
    "betternether:potted_plant[plant=swamp_grass].foliage": "brush",
    "betternether:potted_plant[plant=wart].foliage": "organic_dry",
    "betternether:potted_plant[plant=willow].foliage": "brush",
    "betternether:quartz_glass": "glass,marble",
    "betternether:quartz_glass_black": "glass,marble",
    "betternether:quartz_glass_blue": "glass,marble",
    "betternether:quartz_glass_brown": "glass,marble",
    "betternether:quartz_glass_cyan": "glass,marble",
    "betternether:quartz_glass_framed": "glass,hardsteel",
    "betternether:quartz_glass_framed_black": "glass,hardsteel",
    "betternether:quartz_glass_framed_blue": "glass,hardsteel",
    "betternether:quartz_glass_framed_brown": "glass,hardsteel",
    "betternether:quartz_glass_framed_cyan": "glass,hardsteel",
    "betternether:quartz_glass_framed_gray": "glass,hardsteel",
    "betternether:quartz_glass_framed_green": "glass,hardsteel",
    "betternether:quartz_glass_framed_light_blue": "glass,hardsteel",
    "betternether:quartz_glass_framed_light_gray": "glass,hardsteel",
    "betternether:quartz_glass_framed_lime": "glass,hardsteel",
    "betternether:quartz_glass_framed_magenta": "glass,hardsteel",
    "betternether:quartz_glass_framed_orange": "glass,hardsteel",
    "betternether:quartz_glass_framed_pane_black": "brickstone",
    "betternether:quartz_glass_framed_pane_blue": "brickstone",
    "betternether:quartz_glass_framed_pane_brown": "brickstone",
    "betternether:quartz_glass_framed_pane_cyan": "brickstone",
    "betternether:quartz_glass_framed_pane_gray": "brickstone",
    "betternether:quartz_glass_framed_pane_green": "brickstone",
    "betternether:quartz_glass_framed_pane_light_blue": "brickstone",
    "betternether:quartz_glass_framed_pane_light_gray": "brickstone",
    "betternether:quartz_glass_framed_pane_lime": "brickstone",
    "betternether:quartz_glass_framed_pane_magenta": "brickstone",
    "betternether:quartz_glass_framed_pane_orange": "brickstone",
    "betternether:quartz_glass_framed_pane_pink": "brickstone",
    "betternether:quartz_glass_framed_pane_purple": "brickstone",
    "betternether:quartz_glass_framed_pane_red": "brickstone",
    "betternether:quartz_glass_framed_pane_white": "brickstone",
    "betternether:quartz_glass_framed_pane_yellow": "brickstone",
    "betternether:quartz_glass_framed_pink": "glass,hardsteel",
    "betternether:quartz_glass_framed_purple": "glass,hardsteel",
    "betternether:quartz_glass_framed_red": "glass,hardsteel",
    "betternether:quartz_glass_framed": "glass,hardsteel",
    "betternether:quartz_glass_framed_white": "glass,hardsteel",
    "betternether:quartz_glass_framed_yellow": "glass,hardsteel",
    "betternether:quartz_glass_gray": "glass,marble",
    "betternether:quartz_glass_green": "glass,marble",
    "betternether:quartz_glass_light_blue": "glass,marble",
    "betternether:quartz_glass_light_gray": "glass,marble",
    "betternether:quartz_glass_lime": "glass,marble",
    "betternether:quartz_glass_magenta": "glass,marble",
    "betternether:quartz_glass_orange": "glass,marble",
    "betternether:quartz_glass_pane_black": "glass,marble",
    "betternether:quartz_glass_pane_blue": "glass,marble",
    "betternether:quartz_glass_pane_brown": "glass,marble",
    "betternether:quartz_glass_pane_cyan": "glass,marble",
    "betternether:quartz_glass_pane_gray": "glass,marble",
    "betternether:quartz_glass_pane_green": "glass,marble",
    "betternether:quartz_glass_pane_light_blue": "glass,marble",
    "betternether:quartz_glass_pane_light_gray": "glass,marble",
    "betternether:quartz_glass_pane_lime": "glass,marble",
    "betternether:quartz_glass_pane_magenta": "glass,marble",
    "betternether:quartz_glass_pane_orange": "glass,marble",
    "betternether:quartz_glass_pane_pink": "glass,marble",
    "betternether:quartz_glass_pane_purple": "glass,marble",
    "betternether:quartz_glass_pane_red": "glass,marble",
    "betternether:quartz_glass_pane": "glass,marble",
    "betternether:quartz_glass_pane_white": "glass,marble",
    "betternether:quartz_glass_pane_yellow": "glass,marble",
    "betternether:quartz_glass_pink": "glass,marble",
    "betternether:quartz_glass_purple": "glass,marble", 
    "betternether:quartz_glass_red": "glass,marble",
    "betternether:quartz_glass_white": "glass,marble",
    "betternether:quartz_glass_yellow": "glass,marble",
    "betternether:red_mold.foliage": "brush",
    "betternether:reeds_block": "bluntwood,brush",
    "betternether:reeds_door": "bluntwood,brush",
    "betternether:reeds_gate": "squeakywood",
    "betternether:reeds_fence": "squeakywood",
    "betternether:reeds_slab": "bluntwood,brush",
    "betternether:reeds_ladder": "squeakywood",
    "betternether:reeds_plate": "bluntwood,brush",
    "betternether:reeds_stairs": "bluntwood,brush",
    "betternether:reeds_trapdoor": "squeakywood",
    "betternether:roof_tile_cincinnasite": "stone",
    "betternether:roof_tile_cincinnasite_stairs": "stone",
    "betternether:roof_tile_cincinnasite_slab": "stone",
    "betternether:roof_tile_reeds": "squeakywood",
    "betternether:roof_tile_reeds_stairs": "squeakywood",
    "betternether:roof_tile_reeds_slab": "squeakywood",
    "betternether:roof_tile_stalagnate": "woodutility",
    "betternether:roof_tile_stalagnate_stairs": "woodutility",
    "betternether:roof_tile_stalagnate_slab": "woodutility",
    "betternether:roof_tile_wart": "grass,woodutility",
    "betternether:roof_tile_wart_stairs": "grass,woodutility",
    "betternether:roof_tile_wart_slab": "grass,woodutility",
    "betternether:roof_tile_willow": "woodutility",
    "betternether:roof_tile_willow_stairs": "woodutility",
    "betternether:roof_tile_willow_slab": "woodutility",
    "betternether:rubeus_bark": "woodutility",
    "betternether:rubeus_cone": "bluntwood",
    "betternether:rubeus_door": "wood",
    "betternether:rubeus_gate": "bluntwood",
    "betternether:rubeus_fence": "bluntwood",
    "betternether:rubeus_slab": "wood",
    "betternether:rubeus_ladder": "ladder_default",
    "betternether:rubeus_leaves": "leaves",
    "betternether:rubeus_log[axis=y]": "wood",
    "betternether:rubeus_log": "woodutility",
    "betternether:rubeus_planks": "wood",
    "betternether:rubeus_plate.carpet": "bluntwood", 
    "betternether:rubeus_sapling.foliage": "brush", 
    "betternether:rubeus_stairs": "wood",
    "betternether:rubeus_trapdoor": "bluntwood",
    "betternether:sepia_bone_grass.foliage": "brush", 
    "betternether:sepia_mushroom_grass.foliage": "brush",
    "betternether:smoker": "bluntwood",
    "betternether:soul_grass.foliage": "brush",
    "betternether:soul_lily": "grass,brush",
    "betternether:soul_lily_sapling.foliage": "brush",
    "betternether:soul_sandstone": "sandstone",
    "betternether:soul_sandstone_chiseled": "sandstone",
    "betternether:soul_sandstone_cut": "sandstone",
    "betternether:soul_sandstone_cut_stairs": "sandstone",
    "betternether:soul_sandstone_cut_slab": "sandstone",
    "betternether:soul_sandstone_stairs": "sandstone",
    "betternether:soul_sandstone_slab": "sandstone",
    "betternether:soul_sandstone_smooth": "sandstone",
    "betternether:soul_sandstone_smooth_stairs": "sandstone",
    "betternether:soul_sandstone_smooth_slab": "sandstone",
    "betternether:soul_sandstone_smooth_stairs": "sandstone",
    "betternether:soul_sandstone_stairs": "sandstone",
    "betternether:soul_sandstone_wall": "sandstone",
    "betternether:soul_vein": "grass,souls",
    "betternether:netherrack_stalactite": "crumblystone",
    "betternether:stalagnate_planks_gate": "bluntwood,sandstone",
    "betternether:stalagnate_planks_fence": "bluntwood,sandstone",
    "betternether:stalagnate_planks_slab": "wood,sandstone",
    "betternether:stalagnate_ladder": "ladder_default,sandstone",
    "betternether:stalagnate_log[axis=y]": "wood,sandstone",
    "betternether:stalagnate_log": "grass,bluntwood",
    "betternether:stalagnate_planks_stairs": "wood,sandstone",
    "betternether:stalagnate_stem": "bluntwood",
    "betternether:stalagnate_planks": "wood,sandstone",
    "betternether:stalagnate_planks_door": "bluntwood,sandstone",
    "betternether:stalagnate_planks_trapdoor": "bluntwood,sandstone",
    "betternether:stalagnate_planks_plate":  "bluntwood,sandstone",
    "betternether:stalagnate_seed.foliage": "brush_straw_transition",
    "betternether:stalagnate_planks_stairs": "wood,sandstone",
    "betternether:stalagnate_bark": "grass,bluntwood",
    "betternether:striped_bark_anchor_tree": "stone,grass",
    "betternether:striped_bark_nether_sakura": "stone,woodutility",
    "betternether:striped_bark_rubeus": "stone,wood",
    "betternether:striped_bark_stalagnate": "stone,wood",
    "betternether:striped_bark_wart": "grass,stoneutility",
    "betternether:striped_bark_willow": "sandstone,wood",
    "betternether:striped_log_anchor_tree[axis=y]": "wood,grass",
    "betternether:striped_log_anchor_tree": "organic_dry,wood",
    "betternether:striped_log_mushroom_fir[axis=y]": "bluntwood,mushroom",
    "betternether:striped_log_mushroom_fir": "squeakywood,organic_dry",
    "betternether:striped_log_nether_sakura[axis=y]": "stone,wood",
    "betternether:striped_log_nether_sakura": "woodutility,stone",
    "betternether:striped_log_rubeus[axis=y]": "wood",
    "betternether:striped_log_rubeus": "wood,stone",
    "betternether:striped_log_stalagnate[axis=y]": "wood,sandstone",
    "betternether:striped_log_stalagnate": "wood,sandstone,stone",
    "betternether:striped_log_wart[axis=y]": "bluntwood",
    "betternether:striped_log_wart": "organic_dry,bluntwood",
    "betternether:striped_log_willow[axis=y]": "wood",
    "betternether:striped_log_willow": "wood,stone",
    "betternether:swamp_grass.foliage": "brush",
    "betternether:swampland_grass": "slick,organic_dry",
    "betternether:taburet_acacia": "bluntwood",
    "betternether:taburet_anchor_tree": "bluntwood,rug",
    "betternether:taburet_birch": "bluntwood",
    "betternether:taburet_cincinnasite": "marble",
    "betternether:taburet_crimson": "bluntwood,mushroom",
    "betternether:taburet_dark_oak": "bluntwood",
    "betternether:taburet_jungle": "bluntwood",
    "betternether:taburet_mushroom": "bluntwood,mushroom",
    "betternether:taburet_mushroom_fir": "squeakywood,mushroom",
    "betternether:taburet_nether_sakura": "woodutility",
    "betternether:taburet_oak": "bluntwood",
    "betternether:taburet_reeds": "squeakywood",
    "betternether:taburet_rubeus": "bluntwood",
    "betternether:taburet_spruce": "bluntwood",
    "betternether:taburet_stalagnate": "bluntwood,sandstone",
    "betternether:taburet_warped": "bluntwood,mushroom",
    "betternether:taburet_wart": "bluntwood,grass",
    "betternether:taburet_willow": "bluntwood,rug",
    "betternether:veined_sand": "brush_straw_transition",
    "betternether:warped_ladder": "squeakywood,mushroom",
    "betternether:wart_door": "squeakywood",
    "betternether:wart_gate": "grass,squeakywood",
    "betternether:wart_fence": "squeakywood",
    "betternether:wart_slab": "grass,squeakywood",
    "betternether:wart_ladder": "ladder_default,squeakywood",
    "betternether:wart_log[axis=y]": "bluntwood",
    "betternether:wart_log": "grass,bluntwood",
    "betternether:wart_planks": "grass,squeakywood",
    "betternether:wart_plate": "grass,squeakywood",
    "betternether:wart_seed": "organic_dry",
    "betternether:wart_stairs": "grass,squeakywood",
    "betternether:wart_trapdoor": "grass,bluntwood",
    "betternether:whispering_gourd": "souls,organic_solid",
    "betternether:whispering_gourd_lantern": "souls,bluntwood",
    "betternether:whispering_gourd_vine.foliage": "brush",
    "betternether:willow_door": "bluntwood,rug",
    "betternether:willow_gate": "bluntwood,rug",
    "betternether:willow_fence": "bluntwood,rug",
    "betternether:willow_slab": "wood,rug",
    "betternether:willow_ladder": "ladder_default",
    "betternether:willow_leaves": "leaves",
    "betternether:willow_log[axis=y]": "wood",
    "betternether:willow_log": "wood,stone",
    "betternether:willow_planks": "wood,rug",
    "betternether:willow_plate": "bluntwood,rug",
    "betternether:willow_sapling.foliage": "brush",
    "betternether:willow_stairs": "wood,rug",
    "betternether:willow_trapdoor": "bluntwood,rug",


   

    "regions_unexplored:sandy_grass.foliage": "straw",
    "regions_unexplored:sandy_tall_grass.foliage": "straw",
    "regions_unexplored:bladed_grass.foliage": "brush",
    "regions_unexplored:ashen_grass.foliage": "straw",
    "regions_unexplored:dead_steppe_shrub.foliage": "straw",
    "regions_unexplored:frozen_grass.foliage": "straw",
    "regions_unexplored:medium_grass.foliage": "brush",
    "regions_unexplored:small_desert_shrub.foliage": "straw",
    "regions_unexplored:steppe_grass.foliage": "brush",
    "regions_unexplored:steppe_shrub.foliage": "brush_straw_transition",
    "regions_unexplored:stone_bud.foliage": "brush",
    "regions_unexplored:brimsprout.foliage": "straw",
    "regions_unexplored:cobalt_roots.foliage": "brush_straw_transition",
    "regions_unexplored:glistering_sprout.foliage": "brush_straw_transition",
    "regions_unexplored:glistering_fern.foliage": "brush_straw_transition",
    "regions_unexplored:mycotoxic_grass.foliage": "straw",
    "regions_unexplored:bladed_tall_grass.foliage": "brush_straw_transition",
    "regions_unexplored:elephant_ear.foliage": "straw",
    "regions_unexplored:windswept_grass.foliage": "brush_straw_transition",
    "regions_unexplored:steppe_tall_grass.foliage": "brush_straw_transition",
    "regions_unexplored:clover.foliage": "brush",
    "regions_unexplored:cobalt_earlight.foliage": "brush",
    "regions_unexplored:maple_leaf_pile.foliage": "brush_straw_transition",
    "regions_unexplored:red_maple_leaf_pile.foliage": "brush_straw_transition",
    "regions_unexplored:orange_maple_leaf_pile.foliage": "brush_straw_transition",
    "regions_unexplored:enchanted_birch_leaf_pile.foliage": "brush_straw_transition",
    "regions_unexplored:silver_birch_leaf_pile.foliage": "brush_straw_transition",
    "regions_unexplored:barley.foliage": "straw",
    "regions_unexplored:cattail.foliage": "brush_straw_transition",
    "regions_unexplored:glister_bulb.foliage": "brush_straw_transition",
    "regions_unexplored:glister_spire.foliage": "brush_straw_transition",
    "regions_unexplored:mycotoxic_daisy.foliage": "straw",
    "regions_unexplored:tall_cobalt_earlight.foliage": "straw",
    "regions_unexplored:acacia_shrub.foliage": "straw",
    "regions_unexplored:ashen_shrub.foliage": "straw",
    "regions_unexplored:baobab_shrub.foliage": "straw",
    "regions_unexplored:birch_shrub.foliage": "straw",
    "regions_unexplored:blackwood_shrub.foliage": "straw",
    "regions_unexplored:brimwood_shrub.foliage": "straw",
    "regions_unexplored:cherry_shrub.foliage": "straw",
    "regions_unexplored:cypress_shrub.foliage": "straw",
    "regions_unexplored:dark_oak_shrub.foliage": "straw",
    "regions_unexplored:dead_pine_shrub.foliage": "straw",
    "regions_unexplored:dead_shrub.foliage": "straw",
    "regions_unexplored:eucalyptus_shrub.foliage": "straw",
    "regions_unexplored:flowering_shrub.foliage": "straw",
    "regions_unexplored:joshua_shrub.foliage": "straw",
    "regions_unexplored:jungle_shrub.foliage": "straw",
    "regions_unexplored:kapok_shrub.foliage": "straw",
    "regions_unexplored:larch_shrub.foliage": "straw",
    "regions_unexplored:golden_larch_shrub.foliage": "straw",
    "regions_unexplored:magnolia_shrub.foliage": "straw",
    "regions_unexplored:blue_magnolia_shrub.foliage": "straw",
    "regions_unexplored:pink_magnolia_shrub.foliage": "straw",
    "regions_unexplored:white_magnolia_shrub.foliage": "straw",
    "regions_unexplored:mangrove_shrub.foliage": "straw",
    "regions_unexplored:maple_shrub.foliage": "straw",
    "regions_unexplored:orange_maple_shrub.foliage": "straw",
    "regions_unexplored:red_maple_shrub.foliage": "straw",
    "regions_unexplored:mauve_shrub.foliage": "straw",
    "regions_unexplored:oak_shrub.foliage": "straw",
    "regions_unexplored:palm_shrub.foliage": "straw",
    "regions_unexplored:pine_shrub.foliage": "straw",
    "regions_unexplored:redwood_shrub.foliage": "straw",
    "regions_unexplored:silver_birch_shrub.foliage": "straw",
    "regions_unexplored:enchanted_birch_shrub.foliage": "straw",
    "regions_unexplored:socotra_shrub.foliage": "straw",
    "regions_unexplored:willow_shrub.foliage": "straw",
    "regions_unexplored:spruce_shrub.foliage": "straw",
    "regions_unexplored:blue_bioshroom.foliage": "brush",
    "regions_unexplored:green_bioshroom.foliage": "brush",
    "regions_unexplored:pink_bioshroom.foliage": "brush",
    "regions_unexplored:yellow_bioshroom.foliage": "brush",
    "regions_unexplored:tall_blue_bioshroom.foliage": "brush_straw_transition",
    "regions_unexplored:tall_green_bioshroom.foliage": "brush_straw_transition",
    "regions_unexplored:tall_pink_bioshroom.foliage": "brush_straw_transition",
    "regions_unexplored:tall_yellow_bioshroom.foliage": "brush_straw_transition",
    "regions_unexplored:salmonberry_bush.foliage": "brush",
    "regions_unexplored:barrel_cactus.foliage": "straw",
    "regions_unexplored:cave_hyssop.foliage": "brush_straw_transition",
    "regions_unexplored:flowering_lily_pad.carpet": "waterfine",
    "regions_unexplored:kapok_vines_plant.foliage": "leaves",
    "regions_unexplored:kapok_vines_plant": "leaves",
    "regions_unexplored:duckweed.foliage": "brush_straw_transition",
    "regions_unexplored:duckweed": "brush_straw_transition"
}